CROP NAME,Crop type,Area Under garden(acre),Average Yield per fruit bearing tree,In garden production,In garden prduction (KG),Outside garden production,total production m tons,total production in KG,Year range,Year mid range,crop indexing,,,,,,,,,
Arabian jasmine (Belly),Flower (Permanent),15.29,0.22,2.77,,3.95,6.72,6720,2020-2021,2020.5,2,,,,,,,,,
Arabian jasmine (Belly),Flower (Permanent),23.18,0.4,7.21,,3.39,10.6,10600,2021-2022,2021.5,2,,,,,,,,,
Arabian jasmine (Belly),Flower (Permanent),25.34,1.15,,,,8.14,8140,2022-2023,2022.5,2,,,,,,,,,
Arabian jasmine (Belly),Flower (Permanent),25.35,12,,,,8.69,8690.00,2023-2024,2023.5,2,,,,,,,,,
Arabian jasmine (Belly),Flower (Permanent),24.2,1.24,,,,8.88,8880,2024-2025,2024.5,2,,,,,,,,,
Bengal currant (Kharamcha),Fruits (Permanent),37,15,7,,162,169,169000,2018-2019,2018.5,2,,,,,,,,,
Bengal currant (Kharamcha),Fruits (Permanent),27,21,7,,164,171,171000,2019-2020,2019.5,2,,,,,,,,,
Bengal currant (Kharamcha),Fruits (Permanent),27,19.36,6.92,,159.73,166.65,166650,2020-2021,2020.5,2,,,,,,,,,
Bengal currant (Kharamcha),Fruits (Permanent),60.19,17.43,6.96,,148.16,155.12,155120,2021-2022,2021.5,2,,,,,,,,,
Bengal currant (Kharamcha),Fruits (Permanent),64.38,17.22,,,,159.8,159800,2022-2023,2022.5,2,,,,,,,,,
Bengal currant (Kharamcha),Fruits (Permanent),66.52,15.92,,,,56.48,56480.00,2023-2024,2023.5,2,,,,,,,,,
Bengal currant (Kharamcha),Fruits (Permanent),67.32,16.67,,,,168.76,168760,2024-2025,2024.5,2,,,,,,,,,
Betel nut,Tobacco,30416,3,129221,,147442,276663,276663000,2015-2016,2015.5,2,,,,,,,,,
Betel nut,Tobacco,42068,2.83,137916,,108947,246863,246863000,2016-2017,2016.5,2,,,,,,,,,
Betel nut,Tobacco,76531,2,137062,,78721,215783,215783000,2017-2018,2017.5,2,,,,,,,,,
Betel nut,Tobacco,96190,3,155664,,161051,316715,316715000,2018-2019,2018.5,2,,,,,,,,,
Betel nut,Tobacco,96945,3.61,159222,,169388,328610,328610000,2019-2020,2019.5,2,,,,,,,,,
Betel nut,Tobacco,115174.01,3.82,260056.92,,85744.23,345801.15,345801150,2020-2021,2020.5,2,,,,,,,,,
Betel nut,Tobacco,96757.1,3.69,243494.82,,90229.24,333724.06,333724060,2021-2022,2021.5,2,,,,,,,,,
Betel nut,Tobacco,96993.23,3.77,,,,341586.02,341586020,2022-2023,2022.5,2,,,,,,,,,
Betel nut,Tobacco,97993.23,3.95,,,,356029.13,356029130.00,2023-2024,2023.5,2,,,,,,,,,
Betel nut,Tobacco,107029.76,3.68,,,,327971.5,327971500,2024-2025,2024.5,2,,,,,,,,,
Black Berry,Fruits (Permanent),354,45,680,,51322,52002,52002000,2015-2016,2015.5,2,,,,,,,,,
Black Berry,Fruits (Permanent),290,44,1264,,50888,52195,52195000,2016-2017,2016.5,2,,,,,,,,,
Black Berry,Fruits (Permanent),47364,44,1865,,48467,50332,50332000,2017-2018,2017.5,2,,,,,,,,,
Black Berry,Fruits (Permanent),50332,43,2739,,48762,51501,51501000,2018-2019,2018.5,2,,,,,,,,,
Black Berry,Fruits (Permanent),13751.01,45.79,1590.18,,55338.03,56928.21,56928210,2020-2021,2020.5,2,,,,,,,,,
Black Berry,Fruits (Permanent),13357.29,44.62,951.13,,53184.75,54135.88,54135880,2021-2022,2021.5,2,,,,,,,,,
Black Berry,Fruits (Permanent),12626.15,43.45,,,,53343.93,53343930,2022-2023,2022.5,2,,,,,,,,,
Black Berry,Fruits (Permanent),12824.85,46.42,,,,53193.85,53193850.00,2023-2024,2023.5,2,,,,,,,,,
Black Berry,Fruits (Permanent),13261.57,39.00,,,,48049.57,48049570,2024-2025,2024.5,2,,,,,,,,,
Black Berry ,Fruits (Permanent),37494,47.13,3125,,53459,56584,56584000,2019-2020,2019.5,2,,,,,,,,,
Burmese grap (Lotkon),Fruits (Permanent),348,27,114,,163,1877,1877000,2018-2019,2018.5,2,,,,,,,,,
Burmese grap (Lotkon),Fruits (Permanent),354,28,1069,,866,1935,1935000,2019-2020,2019.5,2,,,,,,,,,
Burmese grap (Lotkon),Fruits (Permanent),407.45,31.65,1401.69,,1007.91,2409.6,2409600,2020-2021,2020.5,2,,,,,,,,,
Burmese grap (Lotkon),Fruits (Permanent),456.71,32.89,1462.58,,1194.48,2657.06,2657060,2021-2022,2021.5,2,,,,,,,,,
Burmese grap (Lotkon),Fruits (Permanent),470.25,33.17,,,,2746.09,2746090,2022-2023,2022.5,2,,,,,,,,,
Burmese grap (Lotkon),Fruits (Permanent),479.6,33.19,,,,2790.98,2790980.00,2023-2024,2023.5,2,,,,,,,,,
Burmese grap (Lotkon),Fruits (Permanent),488.95,31.87,,,,2829.71,2829710,2024-2025,2024.5,2,,,,,,,,,
Carambola (Kamranga),Fruits (Permanent),41,19,15477,,15596,17,17000,2015-2016,2015.5,2,,,,,,,,,
Carambola (Kamranga),Fruits (Permanent),17,37,158,,14063,14221,14221000,2016-2017,2016.5,2,,,,,,,,,
Carambola (Kamranga),Fruits (Permanent),7181,38,204,,14556,14760,14760000,2017-2018,2017.5,2,,,,,,,,,
Carambola (Kamranga),Fruits (Permanent),7156,36,403,,12926,13329,13329000,2018-2019,2018.5,2,,,,,,,,,
Carambola (Kamranga),Fruits (Permanent),7062,37,145,,14923,15068,15068000,2019-2020,2019.5,2,,,,,,,,,
Carambola (Kamranga),Fruits (Permanent),4198.8,35.22,88.53,,1428.86,14307.39,14307390,2020-2021,2020.5,2,,,,,,,,,
Carambola (Kamranga),Fruits (Permanent),3661.16,36.42,93.38,,14838.19,14931.57,14931570,2021-2022,2021.5,2,,,,,,,,,
Carambola (Kamranga),Fruits (Permanent),3832.83,35.42,,,,14591.88,14591880,2022-2023,2022.5,2,,,,,,,,,
Carambola (Kamranga),Fruits (Permanent),3010.16,37.08,,,,14897.32,14897320.00,2023-2024,2023.5,2,,,,,,,,,
Carambola (Kamranga),Fruits (Permanent),3407.98,36.22,,,,15240.41,15240410,2024-2025,2024.5,2,,,,,,,,,
Cassia-leaf,Condiments & Spices,1413,26,101,,6082,6183,6183000,2018-2019,2018.5,2,,,,,,,,,
Cassia-leaf,Condiments & Spices,1392,12,386,,1428.52,1815,1815000,2019-2020,2019.5,2,,,,,,,,,
Cassia-leaf,Condiments & Spices,1233.15,10.5,326.32,,1274.89,1601.21,1601210,2020-2021,2020.5,2,,,,,,,,,
Cassia-leaf,Condiments & Spices,1167.31,10.21,262.84,,1221.45,1484.29,1484290,2021-2022,2021.5,2,,,,,,,,,
Cassia-leaf,Condiments & Spices,1145.02,10.28,,,,1501.22,1501220,2022-2023,2022.5,2,,,,,,,,,
Cassia-leaf,Condiments & Spices,1328.06,11.89,,,,1646.91,1646910.00,2023-2024,2023.5,2,,,,,,,,,
Cassia-leaf,Condiments & Spices,1162.65,10.68,,,,1597.33,1597330,2024-2025,2024.5,2,,,,,,,,,
Coconut,Oil,5878,49,31238,,343031,374269,374269000,2015-2016,2015.5,2,,,,,,,,,
Coconut,Oil,9602,52,30556,,378079,408635,408635000,2016-2017,2016.5,2,,,,,,,,,
Coconut,Oil,10365,59,36612,,430363,466975,466975000,2017-2018,2017.5,2,,,,,,,,,
Coconut,Oil,88740,55,35570,,396026,431596,431596000,2018-2019,2018.5,2,,,,,,,,,
Coconut,Oil,89786,33,33788,,378085,411873,411873000,2019-2020,2019.5,2,,,,,,,,,
Coconut,Oil,89322,51,34099,,368753,402852,402852000,2020-2021,2020.5,2,,,,,,,,,
Coconut,Oil,74028,52.78,34335.58,,377633.98,411969.56,411969560,2021-2022,2021.5,2,,,,,,,,,
Coconut,Oil,74755.47,51.36,,,,403657.65,403657650,2022-2023,2022.5,2,,,,,,,,,
Coconut,Oil,65038.11,51.05,,,,400391.76,400391760.00,2023-2024,2023.5,2,,,,,,,,,
Coconut,Oil,61395.73,50.35,,,,397758.5,397758500,2024-2025,2024.5,2,,,,,,,,,
Custard apple (Sharifa),Fruits (Permanent),640,26,91,,1677,1768,1768000,2018-2019,2018.5,2,,,,,,,,,
Custard apple (Sharifa),Fruits (Permanent),720,28,99,,2167,2266,2266000,2019-2020,2019.5,2,,,,,,,,,
Custard apple (Sharifa),Fruits (Permanent),840.42,27.76,63.14,,2166.28,2229.42,2229420,2020-2021,2020.5,2,,,,,,,,,
Custard apple (Sharifa),Fruits (Permanent),810.9,20.53,124.44,,1538.59,1663.03,1663030,2021-2022,2021.5,2,,,,,,,,,
Custard apple (Sharifa),Fruits (Permanent),878.2,19.3,,,,1768.63,1768630,2022-2023,2022.5,2,,,,,,,,,
Custard apple (Sharifa),Fruits (Permanent),879.27,19.74,,,,1836.70,1836700.00,2023-2024,2023.5,2,,,,,,,,,
Custard apple (Sharifa),Fruits (Permanent),891.02,19.27,,,,1915.91,1915910,2024-2025,2024.5,2,,,,,,,,,
Date palm (Fruit),Sugar Crop,853,12,3840,,35379,39219,39219000,2015-2016,2015.5,2,,,,,,,,,
Date palm (Fruit),Sugar Crop,311,12,2809,,36130,38939,38939000,2016-2017,2016.5,2,,,,,,,,,
Date palm (Fruit),Sugar Crop,92333,12,2489,,34485,36974,36974000,2017-2018,2017.5,2,,,,,,,,,
Date palm (Fruit),Sugar Crop,55540,9,13150,,22193,35343,35343000,2018-2019,2018.5,2,,,,,,,,,
Date palm (Fruit),Sugar Crop,26099,12,7626,,27729,35355,35355000,2019-2020,2019.5,2,,,,,,,,,
Date palm (Fruit),Sugar Crop,23441.54,12.43,2717.2,,3747051,40187.71,40187710,2020-2021,2020.5,2,,,,,,,,,
Date palm (Fruit),Sugar Crop,15680.05,12.67,,,,39749.84,39749840,2022-2023,2022.5,2,,,,,,,,,
Date palm (Fruit),Sugar Crop,21513.79,12.55,,,,38839.47,38839470.00,2023-2024,2023.5,2,,,,,,,,,
Date palm (Fruit),Sugar Crop,21188.6,12.54,,,,37864.29,37864290,2024-2025,2024.5,2,,,,,,,,,
Date palm (Fruit),Sugar Crop,21628.56,12.72,1963.6,,38245.74,40209.34,40209340,2021-2022,2021.5,2,,,,,,,,,
Date Palm (Juice),Sugar Crop,1769,54,18053,,161724,179777,179777000,2015-2016,2015.5,2,,,,,,,,,
Date Palm (Juice),Sugar Crop,5132,52,8965,,160091,169056,169056000,2016-2017,2016.5,2,,,,,,,,,
Date Palm (Juice),Sugar Crop,68693,56,17882,,162983,180865,180865000,2017-2018,2017.5,2,,,,,,,,,
Date Palm (Juice),Sugar Crop,63261,52,19363,,146288,165651,165651000,2018-2019,2018.5,2,,,,,,,,,
Date Palm (Juice),Sugar Crop,75260,53,16178,,136569,152747,152747000,2019-2020,2019.5,2,,,,,,,,,
Date Palm (Juice),Sugar Crop,68400,50.58,13447,,136314,149761,149761000,2020-2021,2020.5,2,,,,,,,,,
Date Palm (Juice),Sugar Crop,17673.5,59.61,,,,167792.75,167792750,2022-2023,2022.5,2,,,,,,,,,
Date Palm (Juice),Sugar Crop,17555.69,57.44,,,,158083.52,158083520.00,2023-2024,2023.5,2,,,,,,,,,
Date Palm (Juice),Sugar Crop,17510.67,58.17,,,,158817.15,158817150,2024-2025,2024.5,2,,,,,,,,,
Date Palm (Juice),Sugar Crop,39057.74,53.23,16171.69,,136391.94,152563.63,152563630,2021-2022,2021.5,2,,,,,,,,,
Dragaon,Fruits (Permanent),18,2,35,,0,35,35000,2018-2019,2018.5,2,,,,,,,,,
Dragaon,Fruits (Permanent),34,4,125,,16,141,141000,2019-2020,2019.5,2,,,,,,,,,
Dragaon,Fruits (Permanent),349.69,5.04,942.3,,196.4,1138.7,1138700,2020-2021,2020.5,2,,,,,,,,,
Dragaon,Fruits (Permanent),717.53,4.08,3094.47,,59.37,3153.84,3153840,2021-2022,2021.5,2,,,,,,,,,
Dragaon,Fruits (Permanent),1135.4,4.61,,,,5959.29,5959290,2022-2023,2022.5,2,,,,,,,,,
Dragaon,Fruits (Permanent),1914.31,5.11,,,,9754.91,9754910.00,2023-2024,2023.5,2,,,,,,,,,
Dragaon,Fruits (Permanent),2092.62,5.31,,,,12522.38,12522380,2024-2025,2024.5,2,,,,,,,,,
Elephant Apple (Chalta),Fruits (Permanent),5002,61,47,,9588,9635,9635000,2018-2019,2018.5,2,,,,,,,,,
Elephant Apple (Chalta),Fruits (Permanent),5196.7,61.99,68,,9741,9809,9809000,2019-2020,2019.5,2,,,,,,,,,
Elephant Apple (Chalta),Fruits (Permanent),5106.77,61.84,41,,10490.47,10531.47,10531470,2020-2021,2020.5,2,,,,,,,,,
Elephant Apple (Chalta),Fruits (Permanent),3376.84,56.91,1187.81,,9492.17,10679.98,10679980,2021-2022,2021.5,2,,,,,,,,,
Elephant Apple (Chalta),Fruits (Permanent),3186.75,58.75,,,,102014.44,102014440,2022-2023,2022.5,2,,,,,,,,,
Elephant Apple (Chalta),Fruits (Permanent),2523.39,56.94,,,,10045.75,10045750.00,2023-2024,2023.5,2,,,,,,,,,
Elephant Apple (Chalta),Fruits (Permanent),2545.87,56.72,,,,10163.2,10163200,2024-2025,2024.5,2,,,,,,,,,
Guava,Fruits (Permanent),96608,24,104138,,132743,236881,236881000,2018-2019,2018.5,2,,,,,,,,,
Green Coconut,Fruits (Permanent),11635,66,48581,,375001,423582,423582000,2015-2016,2015.5,2,,,,,,,,,
Green Coconut,Fruits (Permanent),3585,76,42890,,428156,471046,471046000,2016-2017,2016.5,2,,,,,,,,,
Green Coconut,Fruits (Permanent),19254,68,48755,,396512,445267,445267000,2017-2018,2017.5,2,,,,,,,,,
Green Coconut,Fruits (Permanent),77213,74,200931,,272144,473075,473075000,2018-2019,2018.5,2,,,,,,,,,
Green Coconut,Fruits (Permanent),77153,73.23,141448,,338221,479669,479669000,2019-2020,2019.5,2,,,,,,,,,
Green Coconut,Fruits (Permanent),62576,69.32,30827,,411881,442708,442708000,2020-2021,2020.5,2,,,,,,,,,
Green Coconut,Fruits (Permanent),61093.89,71.66,33039.86,,424915.38,458855.24,458855240,2021-2022,2021.5,2,,,,,,,,,
Green Coconut,Fruits (Permanent),55360.28,71.18,,,,457088.21,457088210,2022-2023,2022.5,2,,,,,,,,,
Green Coconut,Fruits (Permanent),56665.53,69.88,,,,469159.32,469159320.00,2023-2024,2023.5,2,,,,,,,,,
Green Coconut,Fruits (Permanent),53543.98,69.58,,,,459131.14,459131140,2024-2025,2024.5,2,,,,,,,,,
Green Palm (Taler Shash),Sugar Crop,84,68,3051,,62963,66014,66014000,2015-2016,2015.5,2,,,,,,,,,
Green Palm (Taler Shash),Sugar Crop,396,65,1670,,69449,71119,71119000,2016-2017,2016.5,2,,,,,,,,,
Green Palm (Taler Shash),Sugar Crop,48879,70,2320,,72052,74372,74372000,2017-2018,2017.5,2,,,,,,,,,
Green Palm (Taler Shash),Sugar Crop,50202,99,1595,,102595,104190,104190000,2018-2019,2018.5,2,,,,,,,,,
Green Palm (Taler Shash),Sugar Crop,50313,68,2516,,70495,73011,73011000,2019-2020,2019.5,2,,,,,,,,,
Green Palm (Taler Shash),Sugar Crop,12207.67,67.24,645.05,,78415.65,79060.7,79060700,2020-2021,2020.5,2,,,,,,,,,
Green Palm (Taler Shash),Sugar Crop,12708.34,63.78,905.64,,76051.76,76957.4,76957400,2021-2022,2021.5,2,,,,,,,,,
Green Palm (Taler Shash),Sugar Crop,11176.57,65.74,,,,75305.86,75305860,2022-2023,2022.5,2,,,,,,,,,
Green Palm (Taler Shash),Sugar Crop,20605.91,64.62,,,,74593.94,74593940.00,2023-2024,2023.5,2,,,,,,,,,
Green Palm (Taler Shash),Sugar Crop,20630.74,67.13,,,,79092,79092000,2024-2025,2024.5,2,,,,,,,,,
Green Papaya,Vegetable (Summer),4786,24,63703,,138019,201722,201722000,2015-2016,2015.5,2,,,,,,,,,
Green Papaya,Vegetable (Summer),7223,26,89153,,133558,222711,222711000,2016-2017,2016.5,2,,,,,,,,,
Green Papaya,Vegetable (Summer),5722,28,108747,,147928,256675,256675000,2017-2018,2017.5,2,,,,,,,,,
Green Papaya,Vegetable (Summer),21776,39,109550,,243266,352816,352816000,2018-2019,2018.5,2,,,,,,,,,
Green Papaya,Vegetable (Summer),19811,43,180593,,210832,391425,391425000,2019-2020,2019.5,2,,,,,,,,,
Green Papaya,Vegetable (Summer),26393.13,30.34,130608.27,,161732.83,292341.1,292341100,2020-2021,2020.5,2,,,,,,,,,
Green Papaya,Vegetable (Summer),21923.94,30.46,137863.66,,170071.6,307935.26,307935260,2021-2022,2021.5,2,,,,,,,,,
Green Papaya,Vegetable (Summer),21833.2,31.15,,,,316155.88,316155880,2022-2023,2022.5,2,,,,,,,,,
Green Papaya,Vegetable (Summer),23466.01,31.44,,,,318568.06,318568060.00,2023-2024,2023.5,2,,,,,,,,,
Green Papaya ,Vegetable (Summer),24360.68,32.96,,,,340448.73,340448730,2024-2025,2024.5,2,,,,,,,,,
Guava,Fruits (Permanent),8794,23,90434,,123874,214308,214308000,2015-2016,2015.5,2,,,,,,,,,
Guava,Fruits (Permanent),11526,22,105592,,123784,229376,229376000,2016-2017,2016.5,2,,,,,,,,,
Guava,Fruits (Permanent),11365,23,112987,,128517,241504,241504000,2017-2018,2017.5,2,,,,,,,,,
Guava,Fruits (Permanent),67344.92,23.98,112644,,113384,226028,226028000,2019-2020,2019.5,2,,,,,,,,,
Guava,Fruits (Permanent),58618,24.81,117213,,126744,243957,243957000,2020-2021,2020.5,2,,,,,,,,,
Guava,Fruits (Permanent),4474200,25.19,117359,,127498,244357,244357000,2021-2022,2021.5,2,,,,,,,,,
Guava,Fruits (Permanent),45386.94,25.91,,,,256105.56,256105560,2022-2023,2022.5,2,,,,,,,,,
Guava,Fruits (Permanent),45569.77,26.42,,,,257984.64,257984640.00,2023-2024,2023.5,2,,,,,,,,,
Guava,Fruits (Permanent),44520.24,26.75,,,,266405.15,266405150,2024-2025,2024.5,2,,,,,,,,,
Hog-plum (Amra),Fruits (Permanent),195,48,906,,35265,36171,36171000,2015-2016,2015.5,2,,,,,,,,,
Hog-plum (Amra),Fruits (Permanent),247,50,2548,,36906,39454,39454000,2016-2017,2016.5,2,,,,,,,,,
Hog-plum (Amra),Fruits (Permanent),17733,53,3659,,36262,39921,39921000,2017-2018,2017.5,2,,,,,,,,,
Hog-plum (Amra),Fruits (Permanent),18437,53,13150,,27371,40521,40521000,2018-2019,2018.5,2,,,,,,,,,
Hog-plum (Amra),Fruits (Permanent),18970,54,11174,,34895,46069,46069000,2019-2020,2019.5,2,,,,,,,,,
Hog-plum (Amra),Fruits (Permanent),11417,47.03,4067,,38460,42527,42527000,2020-2021,2020.5,2,,,,,,,,,
Hog-plum (Amra),Fruits (Permanent),11737,46.6,3593,,40208.12,43801.12,43801120,2021-2022,2021.5,2,,,,,,,,,
Hog-plum (Amra),Fruits (Permanent),11261.25,48.51,,,,43810844.28,43810844280,2022-2023,2022.5,2,,,,,,,,,
Hog-plum (Amra),Fruits (Permanent),10956.72,46.41,,,,45408.37,45408370.00,2023-2024,2023.5,2,,,,,,,,,
Hog-plum (Amra),Fruits (Permanent),11126.53,46.61,,,,46402.95,46402950,2024-2025,2024.5,2,,,,,,,,,
Jack fruit,Fruits (Permanent),41014,116,672444,,365433,1037877,1037877000,2018-2019,2018.5,2,,,,,,,,,
Jack fruit,Fruits (Permanent),27334,128,231536,,799617,1031153,1031153000,2015-2016,2015.5,2,,,,,,,,,
Jack fruit,Fruits (Permanent),35342,122,25063,,799275,1049912,1049912000,2016-2017,2016.5,2,,,,,,,,,
Jack fruit,Fruits (Permanent),24731,121,228396,,847129,1075525,1075525000,2017-2018,2017.5,2,,,,,,,,,
Jack fruit,Fruits (Permanent),40896,118.3,572643,,429113,1001756,1001756000,2019-2020,2019.5,2,,,,,,,,,
Jack fruit,Fruits (Permanent),44630,124.44,219135,,877866,1097001,1097001000,2020-2021,2020.5,2,,,,,,,,,
Jack fruit,Fruits (Permanent),69161,116.74,197530,,852360,1049890,1049890000,2021-2022,2021.5,2,,,,,,,,,
Jack fruit,Fruits (Permanent),75842.04,118.88,,,,1062302.28,1062302280,2022-2023,2022.5,2,,,,,,,,,
Jack fruit,Fruits (Permanent),112863.9,113.53,,,,1025364.69,1025364690.00,2023-2024,2023.5,2,,,,,,,,,
Jack fruit,Fruits (Permanent),108740.78,114.39,,,,1020820.8,1020820800,2024-2025,2024.5,2,,,,,,,,,
Jujube (Kul),Fruits (Permanent),5267,35,22000,,64314,86314,86314000,2015-2016,2015.5,2,,,,,,,,,
Jujube (Kul),Fruits (Permanent),7062,36,24035,,65840,89875,89875000,2016-2017,2016.5,2,,,,,,,,,
Jujube (Kul),Fruits (Permanent),4292,48,22549,,91644,114193,114193000,2017-2018,2017.5,2,,,,,,,,,
Jujube (Kul),Fruits (Permanent),39763,52,26079,,103072,129151,129151000,2018-2019,2018.5,2,,,,,,,,,
Jujube (Kul),Fruits (Permanent),38506,53.83,26643,,104324,130967,130967000,2019-2020,2019.5,2,,,,,,,,,
Jujube (Kul),Fruits (Permanent),38652,43.96,30347,,77611,107958,107958000,2020-2021,2020.5,2,,,,,,,,,
Jujube (Kul),Fruits (Permanent),40436.62,39.09,27390.8,,67486.6,94877.4,94877400,2021-2022,2021.5,2,,,,,,,,,
Jujube (Kul),Fruits (Permanent),17357.8,37.86,,,,96844.29,96844290,2022-2023,2022.5,2,,,,,,,,,
Jujube (Kul),Fruits (Permanent),21120.49,38.37,,,,100818.76,100818760.00,2023-2024,2023.5,2,,,,,,,,,
Jujube (Kul),Fruits (Permanent),20855.19,38.01,,,,101523.92,101523920,2024-2025,2024.5,2,,,,,,,,,
Kathbell,Fruits (Permanent),2193,50,14,,4037,4051,4051000,2018-2019,2018.5,2,,,,,,,,,
Kathbell,Fruits (Permanent),3045,42,68,,4051,4034,4034000,2019-2020,2019.5,2,,,,,,,,,
Kathbell,Fruits (Permanent),3141,44.1,43,,4285.8,4328.8,4328800,2020-2021,2020.5,2,,,,,,,,,
Kathbell,Fruits (Permanent),3242.32,47.43,17.2,,4717.78,4734.98,4734980,2021-2022,2021.5,2,,,,,,,,,
Kathbell,Fruits (Permanent),3488.2,44.37,,,,4578.18,4578180,2022-2023,2022.5,2,,,,,,,,,
Kathbell,Fruits (Permanent),1217.07,45.24,,,,4607.85,4607850.00,2023-2024,2023.5,2,,,,,,,,,
Kathbell,Fruits (Permanent),1242.39,44.99,,,,4663.33,4663330,2024-2025,2024.5,2,,,,,,,,,
Lichi,Fruits (Permanent),43901,56,29199,,50635,79834,79834000,2018-2019,2018.5,2,,,,,,,,,
Lichi,Fruits (Permanent),5649,59,27859,,49846,77705,77705000,2015-2016,2015.5,2,,,,,,,,,
Lichi,Fruits (Permanent),7136,65,27548,,62749,90297,90297000,2016-2017,2016.5,2,,,,,,,,,
Lichi,Fruits (Permanent),40889,66,33097,,61063,94160,94160000,2017-2018,2017.5,2,,,,,,,,,
Lichi,Fruits (Permanent),31591,56.1,29888,,51032,80920,80920000,2019-2020,2019.5,2,,,,,,,,,
Lichi,Fruits (Permanent),20388.53,55.96,35981.96,,56976.45,92958.41,92958410,2021-2022,2021.5,2,,,,,,,,,
Lichi,Fruits (Permanent),21759.2,60.76,,,,104708.34,104708340,2022-2023,2022.5,2,,,,,,,,,
Lichi,Fruits (Permanent),22442.29,56.5,,,,98622.12,98622120.00,2023-2024,2023.5,2,,,,,,,,,
Lichi,Fruits (Permanent),22923.33,55.55,,,,97402.8,97402800,2024-2025,2024.5,2,,,,,,,,,
Licht,Fruits (Permanent),17279.99,57.82,32307.78,,54876.02,87183.8,87183800,2020-2021,2020.5,2,,,,,,,,,
Lime & Lemon,Fruits (Permanent),158842,15,33345,,187478,67077,67077000,2018-2019,2018.5,2,,,,,,,,,
Lime & Lemon,Fruits (Permanent),4817,18,24798,,40416,65214,65214000,2015-2016,2015.5,2,,,,,,,,,
Lime & Lemon,Fruits (Permanent),6371,18,25225,,43907,69132,69132000,2016-2017,2016.5,2,,,,,,,,,
Lime & Lemon,Fruits (Permanent),4415,12,25545,,40887,67077,67077000,2017-2018,2017.5,2,,,,,,,,,
Lime & Lemon,Fruits (Permanent),156440,16,22242,,36310,58552,58552000,2019-2020,2019.5,2,,,,,,,,,
Lime & Lemon,Fruits (Permanent),162242.69,16.63,20709.71,,60894.75,81604.46,81604460,2020-2021,2020.5,2,,,,,,,,,
Lime & Lemon,Fruits (Permanent),30248.22,18.34,45281.24,,50130.65,95411.89,95411890,2021-2022,2021.5,2,,,,,,,,,
Lime & Lemon,Fruits (Permanent),33087.57,19.03,,,,99930.87,99930870,2022-2023,2022.5,2,,,,,,,,,
Lime & Lemon,Fruits (Permanent),20567.26,19.25,,,,106568.53,106568530.00,2023-2024,2023.5,2,,,,,,,,,
Lime & Lemon,Fruits (Permanent),21325.38,20.29,,,,111958.64,111958640,2024-2025,2024.5,2,,,,,,,,,
Mango,Fruits (Permanent),93480,82,437449,,724236,1161685,1161685000,2015-2016,2015.5,2,,,,,,,,,
Mango,Fruits (Permanent),102939,92,41699,,871322,1288315,1288315000,2016-2017,2016.5,2,,,,,,,,,
Mango,Fruits (Permanent),109584,76,463644,,702160,1165804,1165804000,2017-2018,2017.5,2,,,,,,,,,
Mango,Fruits (Permanent),235393,78,543494,,675952,1219450,1219450000,2018-2019,2018.5,2,,,,,,,,,
Mango,Fruits (Permanent),235348,77,516647,,705721,1222368,1222368000,2019-2020,2019.5,2,,,,,,,,,
Mango,Fruits (Permanent),286823,70.65,473222,,741375,1214597,1214597000,2020-2021,2020.5,2,,,,,,,,,
Mango,Fruits (Permanent),299054,68.54,473460,,733986,1207446,1207446000,2021-2022,2021.5,2,,,,,,,,,
Mango,Fruits (Permanent),306274.32,61.79,,,,1482937.04,1482937040,2022-2023,2022.5,2,,,,,,,,,
Mango,Fruits (Permanent),391464.86,73.95,,,,1842653.78,1842653780.00,2023-2024,2023.5,2,,,,,,,,,
Mango,Fruits (Permanent),344216.52,68.44,,,,1871940.21,1871940210,2024-2025,2024.5,2,,,,,,,,,
Monkey jackfruit (Dewya),Fruits (Permanent),56,24,,,1589,1589,1589000,2018-2019,2018.5,2,,,,,,,,,
Monkey jackfruit (Dewya),Fruits (Permanent),52,23,47,,1281,1328,1328000,2019-2020,2019.5,2,,,,,,,,,
Monkey jackfruit (Dewya),Fruits (Permanent),7,24.59,19,,1610.5,1629.5,1629500,2020-2021,2020.5,2,,,,,,,,,
Monkey jackfruit (Dewya),Fruits (Permanent),74.21,24.52,18.47,,1613.76,1632.23,1632230,2021-2022,2021.5,2,,,,,,,,,
Monkey jackfruit (Dewya),Fruits (Permanent),69.72,22.81,,,,1464.68,1464680,2022-2023,2022.5,2,,,,,,,,,
Monkey jackfruit (Dewya),Fruits (Permanent),804.18,22.92,,,,1527.42,1527420.00,2023-2024,2023.5,2,,,,,,,,,
Monkey jackfruit (Dewya),Fruits (Permanent),803.24,22.98,,,,1532.57,1532570,2024-2025,2024.5,2,,,,,,,,,
Moringa (Shajna),Vegetable (Summer),,27,,,26949,26949,26949000,2015-2016,2015.5,2,,,,,,,,,
Moringa (Shajna),Vegetable (Summer),,27,,,28632,28632,28632000,2016-2017,2016.5,2,,,,,,,,,
Moringa (Shajna),Vegetable (Summer),1409,30,4,,31433,31437,31437000,2017-2018,2017.5,2,,,,,,,,,
Moringa (Shajna),Vegetable (Summer),16967,27,521,,28224,28745,28745000,2018-2019,2018.5,2,,,,,,,,,
Moringa (Shajna),Vegetable (Summer),14661,26.27,418,,27655,28073,28073000,2019-2020,2019.5,2,,,,,,,,,
Moringa (Shajna),Vegetable (Summer),7613,26.12,15,,28569,28584,28584000,2020-2021,2020.5,2,,,,,,,,,
Moringa (Shajna),Vegetable (Summer),7444.2,26.47,15.62,,2986457,2980.19,2980190,2021-2022,2021.5,2,,,,,,,,,
Moringa (Shajna),Vegetable (Summer),7802.33,27.11,,,,31147.44,31147440,2022-2023,2022.5,2,,,,,,,,,
Moringa (Shajna),Vegetable (Summer),7521.63,28.5,,,,33380.51,33380510.00,2023-2024,2023.5,2,,,,,,,,,
Moringa (Shajna),Vegetable (Summer),7777.13,28.11,,,,33973.59,33973590,2024-2025,2024.5,2,,,,,,,,,
Mulberry,Other Food Crop,463,24,18476,,9251,27727,27727000,2015-2016,2015.5,2,,,,,,,,,
Mulberry,Other Food Crop,491,27,17946,,9119,27065,27065000,2016-2017,2016.5,2,,,,,,,,,
Mulberry,Other Food Crop,314,30,18506,,8290,26796,26796000,2017-2018,2017.5,2,,,,,,,,,
Mulberry,Other Food Crop,292,30,19368,,7907,27275,27275000,2018-2019,2018.5,2,,,,,,,,,
Mulberry,Other Food Crop,874,29.98,18865,,7538,26403,26403000,2019-2020,2019.5,2,,,,,,,,,
Mulberry,Other Food Crop,934,30,22815,,7719,30534,30534000,2020-2021,2020.5,2,,,,,,,,,
Mulberry,Other Food Crop,733,24,24284,,5151,29435,29435000,2021-2022,2021.5,2,,,,,,,,,
Mulberry,Other Food Crop,613.02,19.22,,,,22905.47,22905470,2022-2023,2022.5,2,,,,,,,,,
Mulberry,Other Food Crop,619.73,16.37,,,,19777.90,19777900.00,2023-2024,2023.5,2,,,,,,,,,
Mulberry,Other Food Crop,591.7,17.17,,,,20333.34,20333340,2024-2025,2024.5,2,,,,,,,,,
Myrobalan (Amloki),Fruits (Permanent),3180,28,175,,2456,2631,2631000,2018-2019,2018.5,2,,,,,,,,,
Myrobalan (Amloki),Fruits (Permanent),3355,29.63,232,,2528,2760,2760000,2019-2020,2019.5,2,,,,,,,,,
Myrobalan (Amloki),Fruits (Permanent),1627.17,26.35,157.38,,2663.04,2820.42,2820420,2020-2021,2020.5,2,,,,,,,,,
Myrobalan (Amloki),Fruits (Permanent),1638.84,25.79,135.53,,2459.84,2609.36,2609360,2021-2022,2021.5,2,,,,,,,,,
Myrobalan (Amloki),Fruits (Permanent),1456.41,24,,,,2434.9,2434900,2022-2023,2022.5,2,,,,,,,,,
Myrobalan (Amloki),Fruits (Permanent),1453.37,25.74,,,,2700.79,2700790.00,2023-2024,2023.5,2,,,,,,,,,
Myrobalan (Amloki),Fruits (Permanent),1453.53,23.85,,,,2544.21,2544210,2024-2025,2024.5,2,,,,,,,,,
Olive,Fruits (Permanent),168,45,931,,18094,19025,19025000,2015-2016,2015.5,2,,,,,,,,,
Olive,Fruits (Permanent),184,40,1093,,16795,17888,17888000,2016-2017,2016.5,2,,,,,,,,,
Olive,Fruits (Permanent),20918,39,1066,,16896,17962,17962000,2017-2018,2017.5,2,,,,,,,,,
Olive,Fruits (Permanent),4766,39,642,,16805,17447,17447000,2018-2019,2018.5,2,,,,,,,,,
Olive,Fruits (Permanent),5050 ,39,666,,17440,18106,18106000,2019-2020,2019.5,2,,,,,,,,,
Olive,Fruits (Permanent),5205.25,40.2,442.05,,1840658,18848.63,18848630,2020-2021,2020.5,2,,,,,,,,,
Olive,Fruits (Permanent),5101.22,39.18,348.94,,18147.46,18496.4,18496400,2021-2022,2021.5,2,,,,,,,,,
Olive,Fruits (Permanent),4794.43,40.47,,,,18825.97,18825970,2022-2023,2022.5,2,,,,,,,,,
Olive,Fruits (Permanent),4799.11,40.5,,,,19153.54,19153540.00,2023-2024,2023.5,2,,,,,,,,,
Olive,Fruits (Permanent),4817.57,40.97,,,,19449.94,19449940,2024-2025,2024.5,2,,,,,,,,|,724014
Orange,Fruits (Permanent),1073,23,2438,,780,3218,3218000,2015-2016,2015.5,2,,,,,,,,,
Orange,Fruits (Permanent),1055,24,1704,,1668,3372,3372000,2016-2017,2016.5,2,,,,,,,,,
Orange,Fruits (Permanent),220650,25,2616,,699,3315,3315000,2017-2018,2017.5,2,,,,,,,,,
Orange,Fruits (Permanent),45342,20,1694,,1699,3393,3393000,2018-2019,2018.5,2,,,,,,,,,
Orange,Fruits (Permanent),1915,24,2460,,752,3212,3212000,2019-2020,2019.5,2,,,,,,,,,
Orange,Fruits (Permanent),1920,28.38,2588.92,,1150.39,3739.31,3739310,2020-2021,2020.5,2,,,,,,,,,
Orange,Fruits (Permanent),2188.14,25.6,2708.2,,842.48,3550.68,3550680,2021-2022,2021.5,2,,,,,,,,,
Orange,Fruits (Permanent),2439.45,23.4,,,,3616.43,3616430,2022-2023,2022.5,2,,,,,,,,,
Orange,Fruits (Permanent),2435.62,22.99,,,,3953.84,3953840.00,2023-2024,2023.5,2,,,,,,,,,
Orange,Fruits (Permanent),2493.96,23.02,,,,4170.39,4170390,2024-2025,2024.5,2,,,,,,,,,
Palm (Juice),Sugar Crop,9456.76,84.1,,,,8610 ,8610100 ,2022-2023,2022.5,2,,,,,,,,,
Palm (Juice),Sugar Crop,9337.24,87.27,,,,61197.67,61197670.00,2023-2024,2023.5,2,,,,,,,,,
Palm (Juice),Sugar Crop,10131.91,90.85,,,,66054.78,66054780,2024-2025,2024.5,2,,,,,,,,,
Palmyra Palm (Juice),Sugar Crop,103,130,2994,,89323,92317,92317000,2015-2016,2015.5,2,,,,,,,,,
Palmyra Palm (Juice),Sugar Crop,196,121,3696,,86035,89731,89731000,2016-2017,2016.5,2,,,,,,,,,
Palmyra Palm (Juice),Sugar Crop,33036,119,3393,,87823,91216,91216000,2017-2018,2017.5,2,,,,,,,,,
Palmyra Palm (Juice),Sugar Crop,7505,67,2875,,46415,49290,49290000,2018-2019,2018.5,2,,,,,,,,,
Palmyra Palm (Juice),Sugar Crop,6837,66,2221,,43946,46167,46167000,2019-2020,2019.5,2,,,,,,,,,
Palmyra Palm (Juice),Sugar Crop,10106.2,84.35,885.22,,56683.83,57569.05,57569050,2020-2021,2020.5,2,,,,,,,,,
Palmyra Palm (Juice),Sugar Crop,10238.17,79.62,603.86,,56296.34,56900.2,56900200,2021-2022,2021.5,2,,,,,,,,,
Permenant Condiment,Condiments & Spices,129,13,240,,1310,1550,1550000,2015-2016,2015.5,2,,,,,,,,,
Permenant Condiment,Condiments & Spices,156,12,286,,1304,1590,1590000,2016-2017,2016.5,2,,,,,,,,,
Permenant Condiment,Condiments & Spices,333,18,290,,1890,2180,2180000,2017-2018,2017.5,2,,,,,,,,,
Pomegranate (Dalim),Fruits (Permanent),1005,23,24,,2697,2721,2721000,2018-2019,2018.5,2,,,,,,,,,
Pomegranate (Dalim),Fruits (Permanent),1002,12,70,,1442,1512,1512000,2019-2020,2019.5,2,,,,,,,,,
Pomegranate (Dalim),Fruits (Permanent),670.64,10.42,24.43,,1386.96,1412.39,1412390,2020-2021,2020.5,2,,,,,,,,,
Pomegranate (Dalim),Fruits (Permanent),790.4,10.32,18.03,,1424.61,1442.64,1442640,2021-2022,2021.5,2,,,,,,,,,
Pomegranate (Dalim),Fruits (Permanent),815.94,10.36,,,,1548.79,1548790,2022-2023,2022.5,2,,,,,,,,,
Pomegranate (Dalim),Fruits (Permanent),795.89,10.27,,,,1598.14,1598140.00,2023-2024,2023.5,2,,,,,,,,,
Pomegranate (Dalim),Fruits (Permanent),829.14,9.51,,,,1569.82,1569820,2024-2025,2024.5,2,,,,,,,,,
Pomelo,Fruits (Permanent),812,35,3768,,62702,66470,66470000,2015-2016,2015.5,2,,,,,,,,,
Pomelo,Fruits (Permanent),777,35,3481,,62079,65560,65560000,2016-2017,2016.5,2,,,,,,,,,
Pomelo,Fruits (Permanent),1079,37,4018,,64119,68137,68137000,2017-2018,2017.5,2,,,,,,,,,
Pomelo,Fruits (Permanent),31240,39,5448,,66662,72110,72110000,2018-2019,2018.5,2,,,,,,,,,
Pomelo,Fruits (Permanent),31641,43.5,8236,,72790,81026,81026000,2019-2020,2019.5,2,,,,,,,,,
Pomelo,Fruits (Permanent),13969.98,40.24,8039.81,,70626.01,7865.82,7865820,2020-2021,2020.5,2,,,,,,,,,
Pomelo,Fruits (Permanent),13982.12,37.68,6701.33,,69663.3,76364.63,76364630,2021-2022,2021.5,2,,,,,,,,,
Pomelo,Fruits (Permanent),12800.07,35.7,,,,71785.28,71785280,2022-2023,2022.5,2,,,,,,,,,
Pomelo,Fruits (Permanent),12789.09,36.06,,,,71302.76,71302760.00,2023-2024,2023.5,2,,,,,,,,,
Pomelo,Fruits (Permanent),12483.32,36.53,,,,74050.43,74050430,2024-2025,2024.5,2,,,,,,,,,
Ripe Papaya,Fruits (Permanent),9761,24,34713,,95658,130371,130371000,2015-2016,2015.5,2,,,,,,,,,
Ripe Papaya,Fruits (Permanent),3942,25,36530,,98117,134647,134647000,2016-2017,2016.5,2,,,,,,,,,
Ripe Papaya,Fruits (Permanent),8251,25,38643,,92955,131598,131598000,2017-2018,2017.5,2,,,,,,,,,
Ripe Papaya,Fruits (Permanent),8461,25,46288,,89521,135809,135809000,2018-2019,2018.5,2,,,,,,,,,
Ripe Papaya,Fruits (Permanent),9004,23,41430,,89249,130679,130679000,2019-2020,2019.5,2,,,,,,,,,
Ripe Papaya,Fruits (Permanent),8414,23.28,38533,,87225,125758,125758000,2020-2021,2020.5,2,,,,,,,,,
Ripe Papaya,Fruits (Permanent),1229979,26.33,53176.05,,94174.61,147350.66,147350660,2021-2022,2021.5,2,,,,,,,,,
Ripe Papaya,Fruits (Permanent),1798.81,25.27,,,,145316.82,145316820,2022-2023,2022.5,2,,,,,,,,,
Ripe Papaya,Fruits (Permanent),17679.99,24.88,,,,146157.48,146157480.00,2023-2024,2023.5,2,,,,,,,,,
Ripe Papaya,Fruits (Permanent),17539.36,25.33,,,,145441.02,145441020,2024-2025,2024.5,2,,,,,,,,,
Ripe Tal,Sugar Crop,123,98,2244,,148813,150757,150757000,2015-2016,2015.5,2,,,,,,,,,
Ripe Tal,Sugar Crop,98,107,1462,,159642,161104,161104000,2016-2017,2016.5,2,,,,,,,,,
Ripe Tal,Sugar Crop,6326324,106,802,,159098,159900,159900000,2017-2018,2017.5,2,,,,,,,,,
Ripe Tal,Sugar Crop,82998,107,680,,134151,654831,654831000,2018-2019,2018.5,2,,,,,,,,,
Ripe Tal,Sugar Crop,81344,108,2083,,159340,161423,161423000,2019-2020,2019.5,2,,,,,,,,,
Ripe Tal,Sugar Crop,79666,102,1181,,143474,144655,144655000,2020-2021,2020.5,2,,,,,,,,,
Ripe Tal,Sugar Crop,15766,99,1138,,143307,144445,144445000,2021-2022,2021.5,2,,,,,,,,,
Ripe Tal,Sugar Crop,13814.08,126.52,,,,180087.6,180087600,2022-2023,2022.5,2,,,,,,,,,
Ripe Tal,Sugar Crop,13397.26,100.45,,,,142302.38,142302380.00,2023-2024,2023.5,2,,,,,,,,,
Ripe Tal,Sugar Crop,13301.13,100.16,,,,141548.89,141548890,2024-2025,2024.5,2,,,,,,,,,
Rose Flower,Flower (Permanent),475,6,2521,,281,2802,2802000,2015-2016,2015.5,2,,,,,,,,,
Rose Flower,Flower (Permanent),516,6,18694,,807,19501,19501000,2016-2017,2016.5,2,,,,,,,,,
Rose Flower,Flower (Permanent),451,5,559,,15419,15978,15978000,2017-2018,2017.5,2,,,,,,,,,
Rose Flower,Flower (Permanent),575,6,1983,,14046,16029,16029000,2018-2019,2018.5,2,,,,,,,,,
Rose Flower,Flower (Permanent),666,6.43,19017,,176.1,19193,19193000,2019-2020,2019.5,2,,,,,,,,,
Rose Flower,Flower (Permanent),650,7.42,21702.42,,279.28,21981.7,21981700,2020-2021,2020.5,2,,,,,,,,,
Rose Flower,Flower (Permanent),608.09,7.1,21939.85,,200.2,20140.14,20140140,2021-2022,2021.5,2,,,,,,,,,
Rose Flower,Flower (Permanent),667.37,7.43,,,,21488.64,21488640,2022-2023,2022.5,2,,,,,,,,,
Rose Flower,Flower (Permanent),705.82,7.75,,,,23028.54,23028540.00,2023-2024,2023.5,2,,,,,,,,,
Rose Flower,Flower (Permanent),723.9,7.87,,,,23599.75,23599750,2024-2025,2024.5,2,,,,,,,,,
Sapodilla (Safeda),Fruits (Permanent),1436,27,523,,6530,7053,7053000,2018-2019,2018.5,2,,,,,,,,,
Sapodilla (Safeda),Fruits (Permanent),1859,36.17,484,,5846,6330,6330000,2019-2020,2019.5,2,,,,,,,,,
Sapodilla (Safeda),Fruits (Permanent),1683,33.69,135,,6438.45,6573.45,6573450,2020-2021,2020.5,2,,,,,,,,,
Sapodilla (Safeda),Fruits (Permanent),1935.52,32.36,171.27,,6297.07,6468.34,6468340,2021-2022,2021.5,2,,,,,,,,,
Sapodilla (Safeda),Fruits (Permanent),1661.43,33.32,,,,6808.56,6808560,2022-2023,2022.5,2,,,,,,,,,
Sapodilla (Safeda),Fruits (Permanent),1683.1,32.45,,,,6679.89,6679890.00,2023-2024,2023.5,2,,,,,,,,,
Sapodilla (Safeda),Fruits (Permanent),1654.51,32.08,,,,6691.89,6691890,2024-2025,2024.5,2,,,,,,,,,
Shimul Cotton,Fiber,57,0.03,14,,12026,12040,12040000,2015-2016,2015.5,2,,,,,,,,,
Shimul Cotton,Fiber,6,0.029,9,,11656,11665,11665000,2016-2017,2016.5,2,,,,,,,,,
Shimul Cotton,Fiber,20137,32,12,,17040,17052,17052000,2017-2018,2017.5,2,,,,,,,,,
Shimul Cotton,Fiber,18104,0.101,30,,8544,8574,8574000,2018-2019,2018.5,2,,,,,,,,,
Shimul Cotton,Fiber,18732,0.105,67.27,,48624.02,48691,48691000,2019-2020,2019.5,2,,,,,,,,,
Shimul Cotton,Fiber,8429.83,0.364,292.59,,29751.27,30043.86,30043860,2020-2021,2020.5,2,,,,,,,,,
Shimul Cotton,Fiber,7988.49,0.069,1000.96,,30617.43,31618.39,31618390,2021-2022,2021.5,2,,,,,,,,,
Shimul Cotton,Fiber,7894.84,0.068,,,,30517.82,30517820,2022-2023,2022.5,2,,,,,,,,,
Shimul Cotton,Fiber,7883.46,0.07,,,,30754.74,30754740.00,2023-2024,2023.5,2,,,,,,,,,
Shimul Cotton,Fiber,6399.63,0.07,,,,26827.12,26827120,2024-2025,2024.5,2,,,,,,,,,
Sugar apple (Ata),Fruits (Permanent),1413,26,101,,6082,6183,6183000,2018-2019,2018.5,2,,,,,,,,,
Sugar apple (Ata),Fruits (Permanent),1388,25,80,,5503,5583,5583000,2019-2020,2019.5,2,,,,,,,,,
Sugar apple (Ata),Fruits (Permanent),1533.5,24.52,69.21,,5401.32,5470.53,5470530,2020-2021,2020.5,2,,,,,,,,,
Sugar apple (Ata),Fruits (Permanent),1525.03,22.94,33.45,,5115.68,5149.13,5149130,2021-2022,2021.5,2,,,,,,,,,
Sugar apple (Ata),Fruits (Permanent),1550.62,21.63,,,,5034.93,5034930,2022-2023,2022.5,2,,,,,,,,,
Sugar apple (Ata),Fruits (Permanent),1746.61,24.55,,,,5837.95,5837950.00,2023-2024,2023.5,2,,,,,,,,,
Sugar apple (Ata),Fruits (Permanent),1576.79,24.66,,,,5955.57,5955570,2024-2025,2024.5,2,,,,,,,,,
Sweet orange (Malta),Fruits (Permanent),996,22,1328,,1398,2726,2726000,2018-2019,2018.5,2,,,,,,,,,
Sweet orange (Malta),Fruits (Permanent),1324,23,1789,,1674,3463,3463000,2019-2020,2019.5,2,,,,,,,,,
Sweet orange (Malta),Fruits (Permanent),13256,24,4112.92,,2388.79,6501.71,6501710,2020-2021,2020.5,2,,,,,,,,,
Sweet orange (Malta),Fruits (Permanent),4456.81,24.14,9119.28,,1149.86,10269.14,10269140,2021-2022,2021.5,2,,,,,,,,,
Sweet orange (Malta),Fruits (Permanent),4184.23,17.78,,,,8886,8886000,2022-2023,2022.5,2,,,,,,,,,
Sweet orange (Malta),Fruits (Permanent),4707.64,24.14,,,,11064.00,11064000.00,2023-2024,2023.5,2,,,,,,,,,
Sweet orange (Malta),Fruits (Permanent),4953.02,20.46,,,,12929.14,12929140,2024-2025,2024.5,2,,,,,,,,,
Tamarind,Condiments & Spices,6279.99,35.31,1.58,,9471.02,9552.6,9552600,2020-2021,2020.5,2,,,,,,,,,
Tamarind,Condiments & Spices,6377.03,36.88,84.84,,10153.95,10238.79,10238790,2021-2022,2021.5,2,,,,,,,,,
Tamarind,Condiments & Spices,5872.06,35.95,,,,10844.28,10844280,2022-2023,2022.5,2,,,,,,,,,
Tamarind,Condiments & Spices,5598.16,36.76,,,,10368.20,10368200.00,2023-2024,2023.5,2,,,,,,,,,
Tamarind,Condiments & Spices,5656.42,35.97,,,,10248.88,10248880,2024-2025,2024.5,2,,,,,,,,,
Tetul,Fruits (Permanent),81,42,56,,10910,10966,10966000,2015-2016,2015.5,2,,,,,,,,,
Tetul,Fruits (Permanent),22,39,51,,10761,10812,10812000,2016-2017,2016.5,2,,,,,,,,,
Tetul,Fruits (Permanent),14804,44,229,,11428,11657,11657000,2017-2018,2017.5,2,,,,,,,,,
Tetul,Fruits (Permanent),15461,42,97,,11548,11645,11645000,2018-2019,2018.5,2,,,,,,,,,
Tetul,Fruits (Permanent),11274,42.7,97,,11293,11390,11390000,2019-2020,2019.5,2,,,,,,,,,
water apple (Jamrul),Fruits (Permanent),8,35,56,,9981,10037,10037000,2015-2016,2015.5,2,,,,,,,,,
water apple (Jamrul),Fruits (Permanent),8,34,61,,10030,10091,10091000,2016-2017,2016.5,2,,,,,,,,,
water apple (Jamrul),Fruits (Permanent),8,34,57,,10622,10679,10679000,2017-2018,2017.5,2,,,,,,,,,
water apple (Jamrul),Fruits (Permanent),5832,37,1660,,10961,12621,12621000,2018-2019,2018.5,2,,,,,,,,,
water apple (Jamrul),Fruits (Permanent),5913,36.97,1172,,11154,12326,12326000,2019-2020,2019.5,2,,,,,,,,,
water apple (Jamrul),Fruits (Permanent),6649.34,35.67,1089.75,,11677.57,12767.32,12767320,2020-2021,2020.5,2,,,,,,,,,
water apple (Jamrul),Fruits (Permanent),6147.47,37.17,926.16,,12437.02,1336318,1336318000,2021-2022,2021.5,2,,,,,,,,,
water apple (Jamrul),Fruits (Permanent),5952.58,36.85,,,,13110.41,13110410,2022-2023,2022.5,2,,,,,,,,,
water apple (Jamrul),Fruits (Permanent),3399.18,35.07,,,,12646.65,12646650.00,2023-2024,2023.5,2,,,,,,,,,
water apple (Jamrul),Fruits (Permanent),3319.75,33.66,,,,12148.15,12148150,2024-2025,2024.5,2,,,,,,,,,
Wood apple (bell),Fruits (Permanent),57,52,315,,27600,27915,27915000,2015-2016,2015.5,2,,,,,,,,,
Wood apple (bell),Fruits (Permanent),62,50,349,,28396,28745,28745000,2016-2017,2016.5,2,,,,,,,,,
Wood apple (bell),Fruits (Permanent),18110,50,327,,27851,28178,28178000,2017-2018,2017.5,2,,,,,,,,,
Wood apple (bell),Fruits (Permanent),17901,50,1656,,27050,28706,28706000,2018-2019,2018.5,2,,,,,,,,,
Wood apple (bell),Fruits (Permanent),18784,51,1819,,28297,30116,30116000,2019-2020,2019.5,2,,,,,,,,,
Wood apple (bell),Fruits (Permanent),17995.18,51.93,537,,29472,30009,30009000,2020-2021,2020.5,2,,,,,,,,,
Wood apple (bell),Fruits (Permanent),17975.34,50.46,426.81,,28878.94,29305.75,29305750,2021-2022,2021.5,2,,,,,,,,,
Wood apple (bell),Fruits (Permanent),18335.92,51.15,,,,30441.23,30441230,2022-2023,2022.5,2,,,,,,,,,
Wood apple (bell),Fruits (Permanent),7354.33,51.37,,,,33037.84,33037840.00,2023-2024,2023.5,2,,,,,,,,,
Wood apple (bell),Fruits (Permanent),6379.73,50.55,,,,30330.27,30330270,2024-2025,2024.5,2,,,,,,,,,
